{
  "baseName" : "HP Wide Vision HD Camera",
  "uniqueName" : "HP_Wide_Vision_HD_Camera",
  "nickname" : "HP_Wide_Vision_HD_Camera",
  "FOV" : 70.0,
  "path" : "\\\\?\\usb#vid_04ca&pid_707f&mi_00#6&306659e8&0&0000#{e5323777-f976-4f5b-9b55-b94699c46e44}\\global",
  "cameraType" : "UsbCamera",
  "currentPipelineIndex" : 0,
  "calibrations" : [ {
    "resolution" : {
      "width" : 640.0,
      "height" : 480.0
    },
    "cameraIntrinsics" : {
      "rows" : 3,
      "cols" : 3,
      "type" : 6,
      "data" : [ 560.8676459857605, 0.0, 290.01573800273417, 0.0, 571.3700016692004, 339.8139297352654, 0.0, 0.0, 1.0 ]
    },
    "cameraExtrinsics" : {
      "rows" : 1,
      "cols" : 5,
      "type" : 6,
      "data" : [ -0.23150792690323269, 1.7627104078490343, 0.054219824089017925, 0.00501406187154577, -3.3111238373844722 ]
    },
    "perViewErrors" : [ 0.4582210186973537, 1.3339579733556284, 1.0881084316399852, 1.9093574126696025, 1.409743319278431, 0.38938929949342127, 1.4268085452925232, 1.3231124364220497, 1.7974255034488367, 1.894524045760301, 1.0836819913387212, 1.076117000197197, 3.2801793025483885 ],
    "standardDeviation" : 0.7023580422830076
  } ],
  "streamIndex" : 0
}